name,description,category,usability,license,language,features,tags,link,icon
Humata,An√°lise e compreens√£o de documentos,üîç An√°lise,4,Gratuito e Pago,EN,"Extra√ß√£o inteligente de informa√ß√µes de documentos, Respostas a perguntas baseadas em documentos, Sumariza√ß√£o autom√°tica, An√°lise de contratos e documentos legais, Processamento de m√∫ltiplos formatos de arquivo","An√°lise de Documentos, Automa√ß√£o",https://www.humata.ai/,https://pbs.twimg.com/profile_images/1703895347393699840/KFLcQs1M_400x400.jpg
Chatbase,Constru√ß√£o de chatbots personalizados,üí¨ Comunica√ß√£o,4,Gratuito e Pago,EN,"Cria√ß√£o de chatbots sem c√≥digo, Treinamento personalizado com dados pr√≥prios, Integra√ß√£o com websites, An√°lise de conversas, Personaliza√ß√£o de respostas, Sistema de feedback integrado","Chatbots, Atendimento",https://www.chatbase.co/,https://www.chatbase.co/images/chatbase-logo.svg
Promptpal,Compartilhamento e gerenciamento de prompts de IA,üìù Conte√∫do,4,Gratuito,EN,"Biblioteca de prompts prontos, Categoriza√ß√£o por tipo de uso, Sistema de avalia√ß√£o de prompts, Compartilhamento comunit√°rio, Personaliza√ß√£o de prompts","Prompts, Automa√ß√£o",https://www.promptpal.net/br,https://cdn-1.webcatalog.io/catalog/promptpal/promptpal-icon-filled-256.webp?v=1714780825377
ListenMonster,Transcri√ß√£o de √°udio para texto,üí¨ Comunica√ß√£o,4,Gratuito,EN,"Transcri√ß√£o autom√°tica, Suporte a m√∫ltiplos idiomas, Reconhecimento de m√∫ltiplos falantes, Exporta√ß√£o em diversos formatos, Edi√ß√£o de transcri√ß√µes","Transcri√ß√£o, √Åudio",https://www.listenmonster.com/,https://cdn-1.webcatalog.io/catalog/listen-monster/listen-monster-icon-filled-256.png?v=1722863198701
Ideogram,Gera√ß√£o de imagens a partir de texto,üé® Design,4,Gratuito,EN,"Cria√ß√£o de imagens personalizadas, Diferentes estilos art√≠sticos, Ajuste de par√¢metros visuais, Gera√ß√£o em batch, Exporta√ß√£o em alta resolu√ß√£o","Imagens, Arte",https://ideogram.ai/,https://digino.org/wp-content/uploads/2023/12/ideogram-ai-logo.png
Magic Studio,Edi√ß√£o automatizada de imagens,üé® Design,4,Gratuito e Pago,Multil√≠ngue,"Remo√ß√£o de fundos, Redimensionamento inteligente, Corre√ß√£o de cores, Melhoria de qualidade, Gera√ß√£o de varia√ß√µes","Imagens, Automa√ß√£o",https://magicstudio.com/pt/,https://encrypted-tbn0.gstatic.com/images?q=tbn:ANd9GcSgtH5bQuqO2_7hKIUZvBhaDGcYI5M9zxxhJhm8mr53ZSAKEyzqRcj7MWSyNZHRcxV6WME&usqp=CAU
Postwise,Gest√£o de conte√∫do para redes sociais,üìù Conte√∫do,4,Pago,EN,"Gera√ß√£o autom√°tica de posts, Agendamento inteligente, An√°lise de engajamento, Otimiza√ß√£o de hashtags, Sugest√µes de conte√∫do","Redes Sociais, Automa√ß√£o",https://postwise.ai/,https://cdn-1.webcatalog.io/catalog/postwise/postwise-icon-filled-256.png?v=1714782939491
Midjourney,Gera√ß√£o de arte digital,üé® Design,3,Pago,EN,"Cria√ß√£o de imagens art√≠sticas, Diferentes estilos e t√©cnicas, Alta resolu√ß√£o, Personaliza√ß√£o avan√ßada, Varia√ß√µes de imagens","Arte, Design",https://www.midjourney.com/,https://upload.wikimedia.org/wikipedia/commons/2/24/Midjourney_Emblem.svg
ReplyMind,Automa√ß√£o de respostas em redes sociais,üí¨ Comunica√ß√£o,3,Gratuito e Pago,EN,"Respostas autom√°ticas personalizadas, An√°lise de sentimento, Prioriza√ß√£o de mensagens, Monitoramento de men√ß√µes, Relat√≥rios de engajamento","Redes Sociais, Automa√ß√£o",https://www.replymind.com/,https://encrypted-tbn0.gstatic.com/images?q=tbn:ANd9GcR2JDE933rFRZkxL6oCx5OW8fsPIhGPs7CU3g&s
Suno,Gera√ß√£o de m√∫sica,üé• V√≠deo,4,Gratuito e Pago,Multil√≠ngue,"Cria√ß√£o de m√∫sicas originais, M√∫sicas livres de royalties, Diferentes g√™neros e estilos, Ajuste de dura√ß√£o e ritmo, Exporta√ß√£o em diversos formatos","M√∫sica, √Åudio",https://suno.com/,https://img.alicdn.com/imgextra/i3/2216045781517/O1CN01XjlCbk1N4plcY5u1y_!!2-item_pic.png
Adobe FireFly,Cria√ß√£o e edi√ß√£o de conte√∫do visual,üé® Design,4,Gratuito,EN,"Gera√ß√£o de imagens, Edi√ß√£o de fotos, Cria√ß√£o de texturas, Manipula√ß√£o de cores, Efeitos especiais","Imagens, Design",https://firefly.adobe.com/inspire/images?ff_channel=adobe_com&ff_campaign=ffly_homepage&ff_source=firefly_seo,https://firefly.adobe.com/imgs/firefly_appicon_mobile.2c11f10a.svg
Supertools,Suite de ferramentas de cria√ß√£o de conte√∫do,üìù Conte√∫do,3,Gratuito,Multil√≠ngue,"Edi√ß√£o de texto, Cria√ß√£o de imagens, Gera√ß√£o de c√≥digo, An√°lise de dados, Automa√ß√£o de tarefas","Automa√ß√£o, Cria√ß√£o de Conte√∫do",https://supertools.therundown.ai/,https://assets.super.so/9b1db7dc-155d-4da6-bf88-a68ad1c2af0f/uploads/favicon/f4df662c-f46b-41d1-8e0c-9d0ef23e6a93.png
OpenArt,Plataforma de arte digital,üé® Design,4,Gratuito,EN,"Gera√ß√£o de imagens art√≠sticas, Galeria comunit√°ria, Compartilhamento de prompts, Cole√ß√µes personalizadas, Exporta√ß√£o em alta qualidade","Imagens, Arte",https://openart.ai/,https://cdn.prod.website-files.com/6600e1eab90de089c2d9c972/661592239b560b13e5156fa7_Logo_dark.svg
Rytr,Assistente de escrita,üìù Conte√∫do,4,Gratuito e Pago,EN,"Gera√ß√£o de textos, Corre√ß√£o gramatical, Sugest√µes de estilo, M√∫ltiplos idiomas, Templates prontos","Escrita, Automa√ß√£o",https://rytr.me/,https://images.g2crowd.com/uploads/product/image/social_landscape/social_landscape_9f8df7c21faf1372a87be5c4c02dab65/rytr.png
ChatGPT,Assistente conversacional,ü§ñ Automa√ß√£o,5,Gratuito e Pago,Multil√≠ngue,"Respostas em linguagem natural, Aux√≠lio em programa√ß√£o, An√°lise de texto, Tradu√ß√£o, Explica√ß√µes did√°ticas","Conversa√ß√£o, Automa√ß√£o, Chatbot",https://chat.openai.com/,https://upload.wikimedia.org/wikipedia/commons/thumb/0/04/ChatGPT_logo.svg/2048px-ChatGPT_logo.svg.png
Claude,Assistente avan√ßado de IA,ü§ñ Automa√ß√£o,5,Gratuito e Pago,Multil√≠ngue,"An√°lise complexa, Processamento de documentos, Aux√≠lio em pesquisa, Programa√ß√£o assistida, Reda√ß√£o avan√ßada","An√°lise, Automa√ß√£o, Chatbot",https://claude.ai/,https://claude.ai/images/claude_app_icon.png
Gemini,Assistente avan√ßado de IA e Assistente Google,ü§ñ Automa√ß√£o,5,Gratuito,Multil√≠ngue,"An√°lise complexa, Processamento de documentos, Aux√≠lio em pesquisa, Programa√ß√£o assistida, Reda√ß√£o avan√ßada","Lingu√≠stica, Automa√ß√£o, Chatbot",https://gemini.google.com/app?hl=pt-BR,https://encrypted-tbn0.gstatic.com/images?q=tbn:ANd9GcThr7qrIazsvZwJuw-uZCtLzIjaAyVW_ZrlEQ&s
IBM Watson,Plataforma de IA para automa√ß√£o e processamento de linguagem natural,ü§ñ Automa√ß√£o,3,Gratuito e Pago,Multil√≠ngue,"An√°lise de texto multilingue, Cria√ß√£o de assistentes virtuais, Extra√ß√£o de informa√ß√µes, Classifica√ß√£o de texto, Tradu√ß√£o autom√°tica","Lingu√≠stica, Automa√ß√£o, Chatbot",https://www.ibm.com/br-pt/watson,https://www.ibm.com/favicon.ico
VideoGen,Edi√ß√£o e cria√ß√£o de v√≠deo,üé• V√≠deo,3,Gratuito,EN,"Edi√ß√£o autom√°tica, Efeitos especiais, Remo√ß√£o de fundo, Gera√ß√£o de v√≠deo, Motion tracking","V√≠deo, Edi√ß√£o",https://videogen.io/?via=runway,https://atai-main.b-cdn.net/tools/videogen-icon.png
Clipdrop,Edi√ß√£o de imagem,üé® Design,4,Gratuito,EN,"Remo√ß√£o de fundo, Upscaling, Retoques autom√°ticos, Gera√ß√£o de imagens, Edi√ß√£o em lote","Imagens, Design",https://www.clipdrop.co/,https://encrypted-tbn0.gstatic.com/images?q=tbn:ANd9GcTNlyB2qAHAPqIuZ7p86uAb8u21cz7aCnQlZA&s
DreamStudio,Gera√ß√£o de imagens,üé® Design,4,Gratuito,"EN, PT","Cria√ß√£o de arte digital, Personaliza√ß√£o de estilos, Edi√ß√£o de imagens, Varia√ß√µes autom√°ticas, Controle de par√¢metros","Imagens, Design",https://www.dreamstudio.ai/,https://encrypted-tbn0.gstatic.com/images?q=tbn:ANd9GcR72Cix8-F7qUtmxh8G55QkXwPiAJ1jN5G4Nw&s
Ostagram,Fus√£o art√≠stica de imagens,üé® Design,4,Gratuito e Pago,EN,"Transfer√™ncia de estilo, Fus√£o de imagens, Efeitos art√≠sticos, Personaliza√ß√£o de par√¢metros, Galeria de estilos","Imagens, Arte",https://www.ostagram.me/static_pages/lenta?last_days=1000&locale=en,https://www.ostagram.me/logo.png
CapCut,Edi√ß√£o de v√≠deo,üé• V√≠deo,4,Gratuito,Multil√≠ngue,"Edi√ß√£o autom√°tica, Efeitos especiais, Transi√ß√µes, Trilha sonora, Templates prontos","V√≠deo, Edi√ß√£o",https://www.capcut.com/pt-br/tools/ai-video-generator,https://images.sftcdn.net/images/t_app-icon-m/p/3ab9b4bc-bd4c-4ee3-b65e-fbab19e88adf/2239545102/capcut-Download-CapCut.jpg
Vidyo,Cria√ß√£o de v√≠deos curtos,üé• V√≠deo,4,Gratuito e Pago,EN,"Recorte inteligente, Legendagem autom√°tica, Otimiza√ß√£o para redes sociais, Edi√ß√£o em lote, Templates personalizados","V√≠deo, Edi√ß√£o",https://vidyo.ai/?via=duong-am&gad_source=1,https://stackviv.ai/wp-content/uploads/2023/11/Vidyo.png.webp
Autopod,Edi√ß√£o de podcasts,üé• V√≠deo,4,Gratuito e Pago,EN,"Edi√ß√£o multic√¢mera, Sincroniza√ß√£o autom√°tica, Remo√ß√£o de ru√≠do, Mixagem de √°udio, Exporta√ß√£o otimizada","√Åudio, Podcast",https://www.autopod.fm/,https://cdn.prod.website-files.com/6366be903a6ceae134a4c884/642dd490353b4f35be29e05f_all%20blue%20logo%20banner-p-500.png
Canva Magic Design,Design gr√°fico,üé® Design,4,Gratuito e Pago,Multil√≠ngue,"Templates inteligentes, Gera√ß√£o de designs, Edi√ß√£o de imagens, Branding autom√°tico, Colabora√ß√£o em equipe","Design, Cria√ß√£o",https://www.canva.com/magic-design/,https://static.canva.com/web/images/8439b51bb7a19f6e65ce1064bc37c197.svg
YouLearn,Cria√ß√£o de conte√∫do educacional,üìö Educa√ß√£o,4,Gratuito,EN,"Gera√ß√£o de material did√°tico, Quizzes autom√°ticos, Personaliza√ß√£o de conte√∫do, An√°lise de aprendizado, Gamifica√ß√£o","Educa√ß√£o, Automa√ß√£o",https://www.youlearn.ai/,https://app.youlearn.ai/youlearn.png
VocalReplica,Extra√ß√£o de √°udio,üé• V√≠deo,3,Gratuito,EN,"Separa√ß√£o de vocais, Isolamento de instrumentos, Limpeza de √°udio, Convers√£o de formato, Edi√ß√£o de √°udio","√Åudio, Edi√ß√£o",https://acestudio.ai/,https://pbs.twimg.com/profile_images/1547177547330355200/7J8zlbZB_400x400.png
Dora,Cria√ß√£o de websites,üåê Web e Desenvolvimento,4,Gratuito,EN,"Design autom√°tico, Otimiza√ß√£o SEO, Responsividade, Templates personalizados, Integra√ß√£o com IA","Web, Automa√ß√£o",https://www.dora.run/ai,https://www.dora.run/__dora__/account/assets/logo.3c206881.svg
Speechify,Treinamento de fala,üìö Educa√ß√£o,4,Gratuito,EN,"An√°lise de pron√∫ncia, Feedback em tempo real, Exerc√≠cios personalizados, Monitoramento de progresso, Dicas de apresenta√ß√£o","Educa√ß√£o, Fala",https://www.speechy.com/,https://play-lh.googleusercontent.com/KeE4TV1dcCZyd8iEYIYbOxBNPvdbMXs-VcJ-gNTA8En07mIVikts7dnT07PYk62dJ9er
Jasper,Cria√ß√£o de conte√∫do e marketing,üìù Conte√∫do,4,Pago (teste gratuito),EN,"Gera√ß√£o de posts e artigos, Cria√ß√£o de an√∫ncios, Sugest√µes de ideias de conte√∫do, Ajuste de tom de voz, Suporte a m√∫ltiplos idiomas","Conte√∫do, Marketing",https://www.jasper.ai,https://cdn.prod.website-files.com/60e5f2de011b86acebc30db7/665dd9c1792c38c09c7d74ec_Jasper%20Logo%20Lockup%20-%20Dark%20Khaki.svg
Copy.ia,Cria√ß√£o de conte√∫do e reda√ß√£o,üìù Conte√∫do,4,Gratuito e Pago,EN,"Gera√ß√£o de textos para marketing, Ideias de conte√∫do, Esbo√ßos de blog, Assistente para redes sociais, Gera√ß√£o de e-mails","Conte√∫do, Marketing",https://www.copy.ai,https://cdn.prod.website-files.com/628288c5cd3e8411b90a36a4/659e8f4c92a0028e36e42623_logo_kerning-fix.svg
Writesonic,Plataforma de marketing de conte√∫do baseada em IA,üìù Conte√∫do,4,Gratuito e Pago,EN,"Cria√ß√£o de posts para redes sociais, Gera√ß√£o de blogs e landing pages, Cria√ß√£o de an√∫ncios, Assistente de SEO, Ajuste de tom de voz","Conte√∫do, Marketing",https://www.writesonic.com,https://cdn-1.webcatalog.io/catalog/writesonic/writesonic-icon-filled-256.png?v=1714776525059
MarketMuse,Pesquisa e cria√ß√£o de conte√∫do orientada por SEO,üìù Conte√∫do,3,Pago (teste gratuito),EN,"An√°lise de t√≥picos, Sugest√µes de conte√∫do, Otimiza√ß√£o para SEO, Auditoria de conte√∫do, Relat√≥rios de lacunas de conte√∫do","Conte√∫do, SEO, Pesquisa",https://creativedestructionlab.com/wp-content/uploads/2018/07/marketmusse.jpg,"https://juliety.com/wpcontent/uploads/2023/05/marketmuse-logo.png

"
Anyword,IA para cria√ß√£o de copy e conte√∫do de marketing,üìù Conte√∫do,4,Pago (teste gratuito),EN,"Copy para an√∫ncios, Ajuste de tom de voz, An√°lises de performance de copy, Gera√ß√£o de posts para redes sociais, Recomenda√ß√µes baseadas em dados","Conte√∫do, Marketing, Copywriting",https://www.anyword.com,https://www.appengine.ai/uploads/images/profile/logo/Anyword-AI.png
CopySmith,Cria√ß√£o de conte√∫do e copywriting,üìù Conte√∫do,3,Pago (teste gratuito),EN,"Cria√ß√£o de conte√∫do para e-commerce, SEO otimizado, Gera√ß√£o de blogs, Gerenciamento de ideias, Assistente de redes sociais","Marketing, Conte√∫do, Escrita",https://www.copysmith.ai,https://storage.googleapis.com/hootsuite-assets/app-directory-logo.svg
Storydoc,Cria√ß√£o de apresenta√ß√µes interativas voltada para marketing,üìù Conte√∫do,4,Pago (teste gratuito),EN,"Apresenta√ß√µes interativas, Monitoramento de engajamento, Templates personaliz√°veis, An√°lise de comportamento, Integra√ß√£o com CRM",,https://www.storydoc.com,https://cdn-1.webcatalog.io/catalog/storydoc/storydoc-icon-filled-256.webp?v=1714782151738
Replica Studios,Cria√ß√£o de dublagens e vozes para anima√ß√£o,üìù Conte√∫do,4,Pago,EN,"Banco de vozes personaliz√°veis, Controle de entona√ß√£o, Dublagem de personagens, Cria√ß√£o de vozes exclusivas, Compatibilidade com anima√ß√µes e v√≠deos","√Åudio, Voz, M√≠dia",https://replicastudios.com,https://www.fineshare.com/wp-content/uploads/2024/06/Replica-Studios.png
Storybird AI,Cria√ß√£o de hist√≥rias e literatura infantil,üìù Conte√∫do,4,Gratuito e Pago,EN,"Cria√ß√£o de hist√≥rias, Templates para livros infantis, Ilustra√ß√µes autom√°ticas, Ferramenta colaborativa para escritores, Banco de ideias para hist√≥rias","Storytelling, Educa√ß√£o, Entretenimento",https://storybird.ai,https://media.licdn.com/dms/image/v2/D560BAQFiS5WRh_9Jmw/company-logo_200_200/company-logo_200_200/0/1709783070169/storydotcom_logo?e=2147483647&v=beta&t=Zz5ANxqk1mEboJgs5hISo7KtoRCut8x_ck5xaimW5vU
AIVA,Cria√ß√£o e composi√ß√£o musical,üìù Conte√∫do,4,Gratuito e Pago,EN,"Composi√ß√£o em diferentes estilos musicais, Personaliza√ß√£o de instrumentos, Exporta√ß√£o de MIDI e partituras, Colabora√ß√£o com artistas, Ajustes de emo√ß√£o musical","M√∫sica, Composi√ß√£o",https://www.aiva.ai,https://cdn-1.webcatalog.io/catalog/aiva/aiva-icon-filled-256.webp?v=1714780767514
Soundraw,Cria√ß√£o musical,üìù Conte√∫do,4,Gratuito e Pago,EN,"Gera√ß√£o autom√°tica de m√∫sicas, Escolha de estilo e emo√ß√£o, Banco de faixas sem royalties, Integra√ß√£o com editores de v√≠deo, Personaliza√ß√£o de ritmo e melodia","M√∫sica, Cria√ß√£o, Multim√≠dia",https://soundraw.io,https://cdn-1.webcatalog.io/catalog/soundraw/soundraw-icon-filled-256.png?v=17147781763466
Textblaze,Ferramenta de automa√ß√£o de texto para produtividade,üìù Conte√∫do,4,Gratuito e Pago,EN,"Cria√ß√£o de snippets personalizados, Expans√£o de texto automatizada, Integra√ß√£o com v√°rias plataformas, Gest√£o de templates, Macros para personaliza√ß√£o","Automa√ß√£o, Texto, Produtividade",https://blaze.today/aiblaze/,https://cdn-b.saashub.com/images/app/service_logos/171/e8yh0zwzrsuh/large.png?1638399904
Boomy,Cria√ß√£o musical,üìù Conte√∫do,4,Gratuito e Pago,EN,"Gera√ß√£o autom√°tica de m√∫sicas, Escolha de estilo e g√™nero"", Monetiza√ß√£o em plataformas de streaming, Biblioteca de loops e samples, Personaliza√ß√£o do andamento musical","M√∫sica, Cria√ß√£o, Automa√ß√£o",https://www.boomy.com,https://miro.medium.com/v2/resize:fit:960/1*xpSGmtnpDtrWdOCxdRc_sQ.png
Beautiful AI,Software de apresenta√ß√£o com design assistido por IA,üé® Design,4,Gratuito e Pago,EN,"Modelos de slides inteligentes , Design autom√°tico de apresenta√ß√µes, Colabora√ß√£o em tempo real, Integra√ß√£o com PowerPoint, Biblioteca de imagens e √≠cones","Apresenta√ß√µes, Design, Produtividade",https://www.beautiful.ai/,https://www.softwareadvice.com/_next/image/?url=https%3A%2F%2Fgdm-catalog-fmapi-prod.imgix.net%2FProductLogo%2F48de95c8-f7bd-4496-9349-53112687b920.jpeg&w=256&q=75
DALL-E,Gera√ß√£o de imagens a partir de descri√ß√µes textuais,üé® Design,3,Pago,EN,"Gera imagens a partir de prompts de texto, Cria arte em v√°rios estilos, Sa√≠das de imagem de alta qualidade","Imagens, Cria√ß√£o",https://openai.com/dall-e,https://upload.wikimedia.org/wikipedia/commons/thumb/0/04/ChatGPT_logo.svg/2048px-ChatGPT_logo.svg.png
Artbreeder,Cria√ß√£o de imagens,üé® Design,3,Gratuito e Pago,EN,"Mistura de imagens para criar novas, Explora√ß√£o de cria√ß√µes da comunidade, Personaliza√ß√£o de par√¢metros de imagem","Arte, Colabora√ß√£o, Cria√ß√£o",https://www.artbreeder.com,https://cdn-1.webcatalog.io/catalog/artbreeder/artbreeder-icon-filled-256.png?v=1714777026655
Dream by Wombo,Cria√ß√£o de arte digital a partir de texto,üé® Design,3,Gratuito e Pago,EN,"Gera√ß√£o de arte digital baseada em descri√ß√µes, Escolha de estilo art√≠stico, Exporta√ß√£o de imagens, Personaliza√ß√£o do tema, Integra√ß√£o com redes sociais","Arte, Cria√ß√£o, Wallpapers",https://www.wombo.art,"https://s.cafebazaar.ir/images/icons/com.womboai.wombo-be6118be-0c53-4c29-a265-9462499bcf24_512x512.png?x-img=v1/resize,h_256,w_256,lossless_false/optimize"
NightCafe,Ferramenta de cria√ß√£o de arte e estilo digital,üé® Design,4,Gratuito e Pago,EN,"Gera√ß√£o de imagens baseadas em temas, Estilos variados de arte, Personaliza√ß√£o de par√¢metros, Integra√ß√£o com redes sociais, Op√ß√µes de impress√£o","Arte, Estilo, Cria√ß√£o",https://creator.nightcafe.studio,https://nightcafe.studio/cdn/shop/files/night-cafe-logo_978x.png?v=1614787028
MyHeritage,Ferramenta de anima√ß√£o de fotos antigas,üé® Design,4,Gratuito e Pago,EN,"Anima rostos em fotos, Melhora a qualidade da foto, Compartilhamento f√°cil de anima√ß√µes",,https://www.myheritage.com/deep-nostalgia,https://static1.makeuseofimages.com/wordpress/wp-content/uploads/2012/08/MyHeritage_icon.jpg
SuferSEO,Ferramenta de SEO com otimiza√ß√£o de conte√∫do orientada por dados,üîç An√°lise,4,Gratuito,EN,"An√°lise de palavras-chave, Auditoria de conte√∫do, Planejador de conte√∫do, Integra√ß√£o com ferramentas de escrita, An√°lise de backlinks","SEO, Conte√∫do, Otimiza√ß√£o",https://www.surferseo.com,https://uploads.commoninja.com/searchengine/wordpress/surferseo.png
Brand24,Monitoramento de marca e an√°lise de men√ß√µes online,üîç An√°lise,3,Pago (teste gratuito),EN,"Monitoramento de men√ß√µes, An√°lise de sentimento, Relat√≥rios em tempo real, Monitoramento de redes sociais, Personaliza√ß√£o de alertas","Marketing, An√°lise, Monitoramento",https://www.brand24.com,https://play-lh.googleusercontent.com/w2LU8ethnOpquVcbJAVkikSTnX83IS5m5Js-9dOOOtC6CrGltm2-Puu4btu1azc_zyg
HubSpot Content Assistant,Cria√ß√£o e an√°lise de marketing,üîç An√°lise,4,Pago,EN,"Planejamento de conte√∫do, An√°lise de performance de campanhas, Automa√ß√£o de marketing, Integra√ß√£o com CRM HubSpot, Insights sobre p√∫blico-alvo",,https://www.hubspot.com,https://cdn-icons-png.flaticon.com/256/5968/5968872.png
Otter.ai,"Uma ferramenta de transcri√ß√£o autom√°tica que captura reuni√µes e conversas em tempo real, facilitando o registro de informa√ß√µes.",üí¨ Comunica√ß√£o,4,Gratuito e Pago,EN,"Transcri√ß√£o autom√°tica de reuni√µes, Reconhecimento de locutores, Sincroniza√ß√£o com calend√°rio, Edi√ß√£o de transcri√ß√µes em tempo real, Exporta√ß√£o de transcri√ß√µes em v√°rios formatos","Transcri√ß√£o, √Åudio, Reconhecimento de Voz",https://otter.ai,https://media.tekpon.com/2023/04/Otter-ai-Logo.webp
Cloud Speech-to-Text,"Um servi√ßo de transcri√ß√£o autom√°tica de √°udio do Google, que converte fala em texto em tempo real.",üí¨ Comunica√ß√£o,4,Pago,Multil√≠ngue,"Transcri√ß√£o em tempo real, Reconhecimento de fala em mais de 120 idiomas, Suporte a √°udio pr√©-gravado e streaming, Identifica√ß√£o de locutores, Configura√ß√£o de modelos personalizados","Transcri√ß√£o, √Åudio, Reconhecimento de Voz",https://cloud.google.com/speech-to-text,https://www.gstatic.com/devrel-devsite/prod/v0e0f589edd85502a40d78d7d0825db8ea5ef3b99ab4070381ee86977c9168730/cloud/images/cloud-logo.svg
Audiopen.ai,Uma ferramenta de transcri√ß√£o autom√°tica que converte notas e grava√ß√µes de √°udio em texto facilmente.,üí¨ Comunica√ß√£o,4,Pago,EN,"Transcri√ß√£o de notas de √°udio, Identifica√ß√£o de locutores, Organiza√ß√£o e categoriza√ß√£o de transcri√ß√µes, Exporta√ß√£o de arquivos, Ferramentas de edi√ß√£o de transcri√ß√µes","Transcri√ß√£o, √Åudio, Organiza√ß√£o",https://audiopen.ai,https://audiopen.cdn.bubble.io/f1681586361226x441408577463338300/record.svg
Mendeley ,Gerenciador de refer√™ncias e rede social acad√™mica que facilita a organiza√ß√£o de pesquisas e a colabora√ß√£o entre pesquisadores.,üìö Educa√ß√£o,4,Gratuito,"EN, PT","Gerenciar e compartilhar trabalhos de pesquisa, Gera√ß√£o de bibliografias, Descoberta de tend√™ncias de pesquisa","Pesquisa, Refer√™ncias, Colabora√ß√£o",https://www.mendeley.com,https://banner2.cleanpng.com/20190309/vuz/kisspng-mendeley-logo-computer-software-reference-manageme-1713902332467.webp
Wolfram Alpha,Motor de conhecimento computacional que responde a perguntas e realiza c√°lculos em diversos campos do conhecimento.,üìö Educa√ß√£o,3,Gratuito e Pago,"EN, PT","Resolve problemas matem√°ticos, Fornece dados factuais, Gera visualiza√ß√µes","Computa√ß√£o, Conhecimento, Dados",https://www.wolframalpha.com,https://encrypted-tbn0.gstatic.com/images?q=tbn:ANd9GcQpAaQwBFxVfr-2-8gyZERMs5mF_bjBUuGlmQ&s
ClassPoint AI,"Extens√£o para PowerPoint que adiciona recursos interativos e de avalia√ß√£o em tempo real, aprimorando apresenta√ß√µes.",üìö Educa√ß√£o,4,Pago,"EN, PT","Quizzes interativos, Feedback em tempo real dos alunos, Ferramentas de anota√ß√£o","Ensino, Interatividade, Apresenta√ß√£o",https://www.classpoint.io,https://www.classpoint.io/_next/static/media/textLogoColor.96f09a1c.svg
Gradescope ,Plataforma que automatiza a corre√ß√£o de avalia√ß√µes e fornece feedback r√°pido aos alunos.,üìö Educa√ß√£o,3,Pago,"EN, PT","Corre√ß√£o automatizada, Suporte para v√°rios tipos de tarefas, An√°lise de desempenho dos alunos","Corre√ß√£o, Automa√ß√£o, An√°lise",https://www.gradescope.com/,https://encrypted-tbn0.gstatic.com/images?q=tbn:ANd9GcTnwlw4QKZl1AvIKHAmrtIW0rPXbtbnDfMVgQ&s
Quillbot ,Ferramenta de parafraseamento que aprimora a escrita e oferece sugest√µes de reformula√ß√£o de textos.,üìö Educa√ß√£o,4,Pago,"EN, PT","Parafraseamento de textos, Sugest√µes de melhorias, Modos de reescrita, Expans√£o de vocabul√°rio, Corre√ß√£o gramatical",,https://www.quillbot.com,https://encrypted-tbn0.gstatic.com/images?q=tbn:ANd9GcQr4ccOo9DfZdcqGDpygRtkfKIIX9PRJrhQdQ&s
Photomath ,"Aplicativo que resolve problemas matem√°ticos usando a c√¢mera do dispositivo, fornecendo explica√ß√µes passo a passo.",üìö Educa√ß√£o,4,Gratuito e Pago,"EN, PT","Solu√ß√µes passo a passo, Suporta problemas manuscritos, Capacidades de gr√°ficos","Matem√°tica, Solu√ß√£o, Educa√ß√£o",https://www.photomath.com,https://encrypted-tbn0.gstatic.com/images?q=tbn:ANd9GcSnf84-d0KHysPJK_Ynjz1UBTchYCAj2llU-YWxC9mTdVZRCp0V
Socratic,"Assistente de estudo que responde perguntas de diversas mat√©rias, oferecendo explica√ß√µes detalhadas e recursos adicionais.",üìö Educa√ß√£o,4,Gratuito,"EN, PT","Explica conceitos, Fornece recursos, Suporte a m√∫ltiplas disciplinas","Li√ß√µes de Casa, Assist√™ncia, Aprendizado",https://socratic.org,https://www.futurepedia.io/s3/optimized-image/2h3uGghOCKjClNIQ0XPo0s?format=auto&width=256
SlideAI.io,Ferramenta para cria√ß√£o automatizada de slides,üìö Educa√ß√£o,4,Pago,EN,"Gera√ß√£o autom√°tica de slides, Templates personaliz√°veis, Organiza√ß√£o de conte√∫do, Ferramentas de edi√ß√£o, Exporta√ß√£o em m√∫ltiplos formatos","Apresenta√ß√µes, Design, Produtividade",https://www.slidesai.io,https://encrypted-tbn0.gstatic.com/images?q=tbn:ANd9GcQU6bq9Wd-HfTcIhV7xguw_MMCIyNbFXefJ5pKbA35m9R0XCDDyyFLoqlc6hwGsaybQ55Q&usqp=CAU
Education Co Pilot,Ferramenta de SEO com otimiza√ß√£o de conte√∫do orientada por dados,üìö Educa√ß√£o,4,Pago,EN,"Tutoria em tempo real, Respostas a perguntas educativas, Personaliza√ß√£o do aprendizado, Suporte a m√∫ltiplas disciplinas, Feedback imediato",,https://www.educationcopilot.com,https://cdn.sendsteps.com/website/Kopie_van_Microsoft_365_Copilot_1080_x_700_px_d18f6ab510.png
Sendsteps.ai,Ferramenta de intera√ß√£o em apresenta√ß√µes e aulas,üìö Educa√ß√£o,4,Pago,EN,"Enquetes ao vivo, Sess√µes de perguntas e respostas, Feedback da audi√™ncia","Apresenta√ß√£o, Interatividade, Engajamento",https://www.sendsteps.com,https://encrypted-tbn0.gstatic.com/images?q=tbn:ANd9GcQmvRL-jjD5C7zNLF5DI4iYIVEX88GJBKWwQZcXWFzcu7YpoEY_SYqIqHrkqHOPyFjUuRE&usqp=CAU
Yippity,Plataforma de quizzes para aprendizado,üìö Educa√ß√£o,4,Gratuito,EN,"Cria√ß√£o de quizzes personalizados, An√°lise de desempenho, Quizzes compartilhados pela comunidade","Quizzes, Aprendizado, Comunidade",https://www.yippity.com,https://encrypted-tbn0.gstatic.com/images?q=tbn:ANd9GcTYlT6NIFMvTVC20WQj9RviUrsFpGgQrNoUiHkk1OPfjYFQfmSe7FVQuJebsEsJgiqqX2I&usqp=CAU
SymbMath,Ferramenta de resolu√ß√£o simb√≥lica para matem√°tica,üìö Educa√ß√£o,3,Gratuito,EN,"Diferencia√ß√£o simb√≥lica, Integra√ß√£o, Resolu√ß√£o de equa√ß√µes","√Ålgebra, C√°lculo, Matem√°tica",https://www.symbmath.com,https://encrypted-tbn0.gstatic.com/images?q=tbn:ANd9GcSrhnmm_O21xFtA4BeMveRUgE_uz1r_HrPYhE-agFdeJqzJOpsudBqv1v_eD3BJpf6YZC0&usqp=CAU
Thinkster Math,"Plataforma de tutoria matem√°tica que utiliza IA para personalizar o aprendizado, ajudando alunos a desenvolverem habilidades matem√°ticas.",üìö Educa√ß√£o,4,Pago,"EN, PT","Planos de aprendizado personalizados, Feedback em tempo real, Monitoramento de progresso","Tutoria, Matem√°tica, Personalizado",https://hellothinkster.com/,https://encrypted-tbn0.gstatic.com/images?q=tbn:ANd9GcSn8I0a9z2quJUv5dT8YF1xmNEJ40Qh3kW_ou9EwdjJmb0NpRARDke4Hq_D1JovPPAoPcQ&usqp=CAU
Lumen5,cria√ß√£o de v√≠deos,üé• V√≠deo,4,Gratuito e Pago,EN,"Gera√ß√£o de v√≠deos a partir de textos, Banco de imagens e v√≠deos, Templates personaliz√°veis, Exporta√ß√£o em alta resolu√ß√£o, Suporte para redes sociais""","V√≠deo, Conte√∫do, Cria√ß√£o",https://www.lumen5.com,https://lumen5.com/learn/wp-content/uploads/2022/03/L5-logo-fullColor-rgb-Purple-Square.png
Storydoc ,cria√ß√£o de apresenta√ß√µes interativas,üé• V√≠deo,3,Pago (teste gratuito),EN,"Apresenta√ß√µes interativas, Monitoramento de engajamento, Templates personaliz√°veis, An√°lise de comportamento, Integra√ß√£o com CRM","Storytelling, Neg√≥cios, Engajamento",https://www.storydoc.com,https://encrypted-tbn0.gstatic.com/images?q=tbn:ANd9GcRkiJay5shdsCyUhYXbApX9ZYUSzdcLQ5XlrSE70Sk1IJMzllwGf32XoOLzQQsBRLO7-Fg&usqp=CAU
JoggAI ,cria√ß√£o de an√∫ncios em v√≠deo,üé• V√≠deo,3,Gratuito,PT,"Sugest√µes de rotas personalizadas, Monitoramento de dist√¢ncia, Integra√ß√£o com aplicativos de fitness","Sa√∫de, Corrida, Rotas",https://hellothinkster.com/,https://res.jogg.ai/sub-module/static-file/71e8c708db37
Zapier,Plataforma de automa√ß√£o que conecta diferentes aplicativos para automatizar fluxos de trabalho,ü§ñ Automa√ß√£o,3,Gratuito e Pago,EN,"Conex√£o entre aplicativos, Automa√ß√£o de tarefas repetitivas, Cria√ß√£o de fluxos de trabalho personalizados, Integra√ß√£o com CRM e marketing, Sistema de notifica√ß√µes","Automa√ß√£o, Integra√ß√£o, Produtividade",https://www.zapier.com,https://encrypted-tbn0.gstatic.com/images?q=tbn:ANd9GcTN6ZksjABBgxRBWulwOsbWbQS0zOzSc7WVQcYZG9HXEeSgXE-hl_axFf3K4jY1gjrR3a4&usqp=CAUU
Lately,Plataforma de marketing de conte√∫do que utiliza IA para gerar e gerenciar postagens em redes sociais,ü§ñ Automa√ß√£o,4,Pago (teste gratuito),EN,"Gera√ß√£o de posts de redes sociais, Cria√ß√£o de campanhas, Monitoramento de engajamento, Automa√ß√£o de agendamento, An√°lise de performance","Marketing de Conte√∫do, Redes Sociais",https://www.lately.ai,https://encrypted-tbn0.gstatic.com/images?q=tbn:ANd9GcSJ6k5YtOBimqYqnHSPEzaXruGzfd99U9RdCy_xgIjyF6_5YXBup--gLGdfM5kO6fLq7so&usqp=CAU
FeedHive,Plataforma de gerenciamento de redes sociais com recursos de automa√ß√£o e IA,ü§ñ Automa√ß√£o,4,Pago (teste gratuito),EN,"Agendamento e publica√ß√£o de posts, Insights de engajamento, Recomenda√ß√µes de conte√∫do, Biblioteca de templates, An√°lise de performance","Redes Sociais, Automa√ß√£o",https://www.feedhive.io,https://hypefury.com/wp-content/uploads/2023/04/Feedhive-logo-only-300x300.png
Timeular,Aplicativo de rastreamento de tempo que permite monitorar atividades para melhorar a produtividade,ü§ñ Automa√ß√£o,4,Pago (teste gratuito),EN,"Rastreamento de tempo, Relat√≥rios de produtividade, Personaliza√ß√£o de tags, Exporta√ß√£o de dados, Integra√ß√£o com aplicativos de gest√£o de tarefas","Produtividade, Controle de Tempo, Rastreamento",https://www.timeular.com,https://pipedream.com/s.v0/app_02h9wE/logo/orig
Seventh Sense,Ferramenta de automa√ß√£o de e-mails que otimiza o tempo de envio para melhorar o engajamento,ü§ñ Automa√ß√£o,4,Pago,EN,"Personaliza√ß√£o de hor√°rios de envio,  Segmenta√ß√£o de p√∫blico, Relat√≥rios de engajamento, Integra√ß√£o com CRM, Previs√µes de abertura de e-mails","E-mail Marketing, Automa√ß√£o, Engajamento",https://www.theseventhsense.com,https://images.g2crowd.com/uploads/product/image/social_landscape/social_landscape_fe5ef8bf8d08d9ee9cf27eaf2fe7bb78/seventh-sense.jpeg
Maricata,Ferramenta de an√°lise de dados e insights para ajudar empresas a tomar decis√µes informadas,ü§ñ Automa√ß√£o,3,Gratuito,PT,"An√°lise de grandes volumes de dados, Gera√ß√£o de insights autom√°ticos, Visualiza√ß√µes de dados, Integra√ß√£o com bancos de dados, Relat√≥rios personaliz√°veis","An√°lise de Dados, Insights, Decis√µes Empresariais",https://maricata.com,https://encrypted-tbn0.gstatic.com/images?q=tbn:ANd9GcSSosl2tXbr48UhYwDHeao5ISoU0zZ4HQmTB1hVtrpi5OnPjhRsruNwUfbO3iCHQiDF36E&usqp=CAU
Julius,"Analista de dados impulsionado por IA que auxilia na an√°lise, visualiza√ß√£o e transforma√ß√£o de dados por meio de conversas em linguagem natural",ü§ñ Automa√ß√£o,4,Gratuito e Pago,EN,"An√°lise de dados estruturados, Gera√ß√£o de gr√°ficos e visualiza√ß√µes, Constru√ß√£o de modelos de previs√£o, Interpreta√ß√£o de equa√ß√µes e diagramas manuscritos, Interface de chat em linguagem natural","An√°lise de Dados, Vis√£o Computacional",https://julius.ai/,https://encrypted-tbn0.gstatic.com/images?q=tbn:ANd9GcRjOigG8Mpo3HcSaROczVY0W8MOnwKLbEVZvLLflSxEpNLgXLZLx4fUnkjPXQwdt35eDDc&usqp=CAU
Microsoft Copilot,"Integrado ao Bing, auxilia em pesquisas e tarefas di√°rias.",ü§ñ Automa√ß√£o,4,Pago,Multil√≠ngue,"Assist√™ncia em pesquisa,Integra√ß√£o com Bing e Microsoft 365,Gera√ß√£o de respostas precisas,Ajuda em tarefas do dia a dia,Suporte a aplicativos do Microsoft Office","Assistente, Tarefas, Microsoft",https://www.microsoft.com/copilot,https://store-images.s-microsoft.com/image/apps.22196.13623743226081137.44717f35-32c5-4d9e-ab80-390d1fdf3f60.f47480f4-1941-4044-8028-2e94660969bf
Meta AI (Llama),"Desenvolvido pela Meta, oferece intera√ß√µes avan√ßadas e est√° integrado √†s plataformas da empresa.",ü§ñ Automa√ß√£o,4,Gratuito,Multil√≠ngue," Intera√ß√µes avan√ßadas,Integra√ß√£o com plataformas da Meta,Suporte para conversas prolongadas,Personaliza√ß√£o de respostas,Intera√ß√£o com redes sociais","Chatbot, Meta, Intera√ß√µes Avan√ßadas",https://www.meta.ai,https://images.indianexpress.com/2024/06/meta-ai.jpg?w=414
Character.AI,Permite criar personagens de chat personalizados para intera√ß√µes simuladas.,ü§ñ Automa√ß√£o,4,Gratuito e Pago,Multil√≠ngue,"Cria√ß√£o de personagens personalizados, Intera√ß√µes simuladas, Personaliza√ß√£o de di√°logos, Suporte a m√∫ltiplos cen√°rios, Integra√ß√£o em plataformas sociais","Chatbot, Personagens, Simula√ß√£o",https://www.character.ai,https://pbs.twimg.com/profile_images/1638842319104516097/TketN7Pm_200x200.jpg
Replika,Projetado para conversas mais pessoais e ajuda com sa√∫de mental.,ü§ñ Automa√ß√£o,4,Gratuito e Pago,Multil√≠ngue,"Acompanhamento emocional, Conversas personalizadas, Suporte para sa√∫de mental, Intera√ß√µes baseadas em empatia, Hist√≥rico de conversas","Chatbot, Sa√∫de Mental, Conversas Pessoais",https://www.replika.ai,https://encrypted-tbn0.gstatic.com/images?q=tbn:ANd9GcT-I3O6IPIt60b3fY2Qdx8eUgw2JgUla7uZoUmTDRf7FnhVxCo2a_gNteCMY5uYqkf02XI&usqp=CAU
YouChat,"Incorporado ao mecanismo de pesquisa You.com, respondendo com base em informa√ß√µes da web.",ü§ñ Automa√ß√£o,4,Gratuito,EN,"Respostas baseadas na web, Integra√ß√£o com mecanismo de busca You.com, Atualiza√ß√£o constante de informa√ß√µes, Intera√ß√µes em tempo real, Personaliza√ß√£o de respostas","Pesquisa, Web, Respostas R√°pidas",https://you.com/chat,https://encrypted-tbn0.gstatic.com/images?q=tbn:ANd9GcS67AeU1RDy_8yCsc-sVYGYC9Mf34_m9LTOXQ&s
Poe (Quora),"Agregador de chatbots como ChatGPT e outros modelos, ideal para comparar respostas.",ü§ñ Automa√ß√£o,3,Gratuito,EN,"Compara√ß√£o de respostas de m√∫ltiplos chatbots, Agrega√ß√£o de diferentes IA, Intera√ß√£o com modelos variados, Busca de respostas otimizadas, Integra√ß√£o com Quora","Agregador, Chatbot, Compara√ß√£o",https://poe.com,https://encrypted-tbn0.gstatic.com/images?q=tbn:ANd9GcSQFlQNFuMRKkdsw6EL9jTMhoecYeEayvFvNA&s
Chatsonic,Oferece recursos adicionais como gera√ß√£o de imagens e integra√ß√£o com voz.,ü§ñ Automa√ß√£o,3,Pago,EN,"Gera√ß√£o de imagens, Integra√ß√£o com voz, Intera√ß√µes em tempo real, Integra√ß√£o com redes sociais, Cria√ß√£o de conte√∫do multim√≠dia","Imagens, Voz, Personaliza√ß√£o, Chatbot",https://chatsonic.com,https://encrypted-tbn0.gstatic.com/images?q=tbn:ANd9GcRRpuSv9qsXWQ7tvN9xvBJIiOyxc30fzAKGDw&s
BlenderBot,"Desenvolvido pelo Facebook, foca em conversas de longo prazo.",ü§ñ Automa√ß√£o,4,Gratuito,EN,"Conversas de longo prazo, Personaliza√ß√£o de respostas, Intera√ß√µes contextuais, Integra√ß√£o com plataformas da Meta, Aprendizado cont√≠nuo","Conversa√ß√£o, Longo Prazo, Meta, Chatbot",https://ai.facebook.com/blenderbot,https://encrypted-tbn0.gstatic.com/images?q=tbn:ANd9GcQnoWNIVQLli9I7kdeOnzGNfyoQSIVbmBeZNw&s
Kuki AI,Chatbot social que interage em plataformas como Discord e Telegram.,ü§ñ Automa√ß√£o,4,Gratuito,EN,"Intera√ß√£o em plataformas sociais, Conversa√ß√£o casual, Integra√ß√£o com Discord e Telegram, Personaliza√ß√£o de respostas, Feedback em tempo real","Chatbot Social, Discord, Telegram",https://www.kuki.ai,https://images.squarespace-cdn.com/content/v1/5fd110ee514f2770efc95c70/b1921d3e-5e8e-4e5a-9826-ab8ef85bd51e/K+fav+resized.png
Gamma,Ferramenta de cria√ß√£o de apresenta√ß√µes e conte√∫do visual,üìù Conte√∫do,4,Pago (teste gratuito),Multil√≠ngue,"Cria√ß√£o r√°pida de apresenta√ß√µes din√¢micas, Modelos de slides interativos, Visualiza√ß√£o de estat√≠sticas de engajamento, Exporta√ß√£o em diversos formatos, Integra√ß√£o com m√≠dias e gr√°ficos","Apresenta√ß√µes, Design, Colabora√ß√£o, Chatbot",https://gamma.app,https://encrypted-tbn0.gstatic.com/images?q=tbn:ANd9GcRYN01OFuXaJbc3vu8WQoUj0H5ln_koNgXnKw&s
Perplexity,Ferramenta de pesquisa e gera√ß√£o de respostas com IA,üí¨ Comunica√ß√£o,4,Gratuito e Pago,"EN, PT","Respostas r√°pidas a perguntas complexas, Cita√ß√µes e refer√™ncias autom√°ticas, Explora√ß√£o de temas de forma interativa, Modo avan√ßado para respostas detalhadas, Aplicativo m√≥vel para consultas","Pesquisa, Consultoria",https://www.perplexity.ai/,https://uxwing.com/wp-content/themes/uxwing/download/brands-and-social-media/perplexity-ai-icon.png
Durable,Cria√ß√£o de sites com ferramentas integradas para gerenciamento e marketing,üåê Web e Desenvolvimento,4,Pago,EN,"Cria√ß√£o r√°pida de sites, Gerenciamento de leads, Ferramentas de marketing, Integra√ß√£o com CRM, Templates personalizados","Sites, Marketing, Neg√≥cios",https://durable.co/ai-website-builder-2?utm_term=durable%20ai&utm_campaign=gs_cpc_brand_maxconv_kwds_brand-search_tcpa&utm_source=adwords&utm_medium=ppc&hsa_acc=9085658195&hsa_cam=21796486688&hsa_grp=170103195833&hsa_ad=716642550623&hsa_src=g&hsa_tgt=kwd-1918368656787&hsa_kw=durable%20ai&hsa_mt=e&hsa_net=adwords&hsa_ver=3&gad_source=1&gclid=Cj0KCQiA88a5BhDPARIsAFj595gDzvtuaBGZUZfUWs0r0yqKDFOsl6E1QDkpPiHJQsld5ulKY5HhI7caArIdEALw_wcB,https://encrypted-tbn0.gstatic.com/images?q=tbn:ANd9GcQP3rCyOUOcwzMQoslczKRo9rK3EAWr-pHZTQ&s
Wegic,Automa√ß√£o de marketing com an√°lise em tempo real e segmenta√ß√£o de p√∫blico,üåê Web e Desenvolvimento,4,Pago (teste gratuito),EN,"Automa√ß√£o de campanhas, An√°lise de dados em tempo real, Segmenta√ß√£o de p√∫blico, Monitoramento de ROI, Relat√≥rios personalizados",,https://wegic.ai/,https://cdn.wegic.ai/assets/email/logo.ico
Framer,Ferramenta de prototipagem de interfaces com suporte a anima√ß√µes e React,üåê Web e Desenvolvimento,3,Pago,EN,"Prototipagem interativa, Anima√ß√µes, Exporta√ß√£o de c√≥digo, Colabora√ß√£o em tempo real, Componentes React","Design, Prototipagem, Interfaces",https://www.framer.com/?via=architect99&gad_source=1&gclid=Cj0KCQiA88a5BhDPARIsAFj595jMXPNDBvmWqPtaH-5PMGAlT4Ursb_sJgjuyE8CEoRj2ec4XZx0xOgaAstOEALw_wcB,https://framerusercontent.com/images/TvJ9grdPgk3sRz6T6XwkpBrFr4k.png?scale-down-to=512
10 Web,"Cria√ß√£o de sites WordPress com IA, hospedagem integrada e SEO",üåê Web e Desenvolvimento,4,Pago (teste gratuito),"EN, PT","Sites autom√°ticos com IA, Hospedagem WordPress, SEO integrado, Designs personaliz√°veis, Suporte e backups","Web, Hospedagem, SEO",https://10web.io/ai-website-builder/,https://cdn-1.webcatalog.io/catalog/10web/10web-icon-filled-256.png?v=1714780677189
BlackBox AI,"Assistente de codifica√ß√£o com IA que oferece autocompletar de c√≥digo, busca inteligente e gera√ß√£o de c√≥digo em v√°rias linguagens.",üí¨ Comunica√ß√£o,4,Pago (teste gratuito),EN,"Autocompletar de c√≥digo em tempo real, Gera√ß√£o de c√≥digo a partir de descri√ß√µes, Busca inteligente de trechos de c√≥digo, Integra√ß√£o com IDEs populares, Suporte a m√∫ltiplas linguagens de programa√ß√£o","Codifica√ß√£o, Desenvolvimento",https://www.blackbox.ai/,https://digino.org/wp-content/uploads/2023/12/blackbox-ai-logo.png
Monica AI,"Assistente pessoal de IA que auxilia em tarefas de escrita, tradu√ß√£o, resumo e gera√ß√£o de conte√∫do, dispon√≠vel como extens√£o de navegador e aplicativo m√≥vel.",üí¨ Comunica√ß√£o,4,Pago (teste gratuito),EN,"Chat com modelos de IA avan√ßados, Resumo de p√°ginas web e v√≠deos, Assistente de escrita e reescrita, Tradu√ß√£o de textos, Gera√ß√£o de arte com IA","Assistente, Produtividade",https://monica.im/,https://play-lh.googleusercontent.com/imw4zSeaSUa-duDEAGXPjIrpj1boTkZJ3Xc9cr9y0ENJCXInGjWJMN4uFXSdJFxz4Lc=w240-h480-rw
MaxAI.me,"Extens√£o de navegador que integra modelos de IA para aprimorar a leitura, escrita e pesquisa na web, oferecendo respostas instant√¢neas e personalizadas.",üí¨ Comunica√ß√£o,4,Gratuito e Pago,EN,"Resumos de p√°ginas web, Respostas instant√¢neas a perguntas, Assistente de escrita e tradu√ß√£o, Gera√ß√£o de arte com IA, Integra√ß√£o com navegadores Chrome e Edge","Navega√ß√£o, Produtividade",https://www.maxai.me/?ref=googlep1&ref=googleads-maxai-21137559754-&gad_source=1&gclid=Cj0KCQiA88a5BhDPARIsAFj595i5_FXlCR6oFsPh82c8hDrVyN0zuw5bn2elFB9s7e3bd9H5WqgX1ngaAoXnEALw_wcB,https://store-images.s-microsoft.com/image/apps.32509.a11d5489-ba51-4ae7-8f9a-8d9bb1f75c51.626b396d-6ee9-4d42-a2fb-42d9f7d3fcb2.6cc3437e-de21-4347-a8e3-fe5d3eee1f64
Poe,"Plataforma de chat com IA que permite conversas com diversos modelos de linguagem, incluindo ChatGPT, GPT-4, Claude e outros, oferecendo respostas r√°pidas e √∫teis.",üí¨ Comunica√ß√£o,4,Pago (teste gratuito),"EN, PT","Acesso a m√∫ltiplos modelos de IA, Respostas instant√¢neas a perguntas, Conversas interativas com IA, Aplicativo dispon√≠vel para desktop e mobile, Integra√ß√£o com plataformas de terceiros","Chat, Produtividade",https://poe.com/login,https://icons.iconarchive.com/icons/simpleicons-team/simple/256/poe-icon.png
Liner,"Motor de busca de IA que oferece resumos e insights de conte√∫dos complexos, facilitando a compreens√£o e a pesquisa.",üí¨ Comunica√ß√£o,4,Gratuito e Pago,EN,"Resumos de conte√∫dos complexos, Anota√ß√µes e destaques em p√°ginas web, Pesquisa avan√ßada com IA, Extens√£o para navegadores, Integra√ß√£o com ferramentas de produtividade","Pesquisa, Educa√ß√£o, Produtividade",https://liner.ai/,https://liner.ai/image/logo2.svg
AdCopy,"Plataforma de IA para cria√ß√£o e gest√£o de an√∫ncios no Meta, otimizando o desempenho e facilitando testes A/B.",üìù Conte√∫do,4,Pago (teste gratuito),EN,"Gera√ß√£o de textos publicit√°rios com IA, Integra√ß√£o direta com o Meta Ads Manager, Facilita√ß√£o de testes A/B, Otimiza√ß√£o de campanhas publicit√°rias, Interface intuitiva para gest√£o de an√∫ncios","Publicidade, An√∫ncios",https://adcopy.ai/,https://pbs.twimg.com/profile_images/1641115343857893390/6yGOotPy_400x400.png
Predis AI,"Ferramenta de IA para cria√ß√£o de conte√∫do em redes sociais, incluindo an√∫ncios, v√≠deos e postagens, com agendamento integrado.",üìù Conte√∫do,4,Pago (teste gratuito),EN,"Gera√ß√£o de an√∫ncios e postagens com IA, Cria√ß√£o de v√≠deos e reels, Agendamento de conte√∫do, An√°lise de concorrentes, Integra√ß√£o com m√∫ltiplas plataformas de redes sociais","Redes Sociais, Conte√∫do",https://predis.ai/,https://predis.ai/assets/img/predis_logo-min.webp
Howler AI,"Plataforma de IA focada em engajamento de clientes, automatizando sequ√™ncias de e-mails e follow-ups personalizados.",üìù Conte√∫do,3,Pago,EN,"Automatiza√ß√£o de e-mails de engajamento, Personaliza√ß√£o de mensagens com IA, An√°lise de m√©tricas de engajamento, Integra√ß√£o com CRM, Segmenta√ß√£o de p√∫blico-alvo","Engajamento, E-mail Marketing",https://www.howler.media/,https://www.howler.media/static/media/logo-2.50dc56ef.svg
Bardeen AI,"Extens√£o de navegador que automatiza tarefas repetitivas, integrando-se com diversas plataformas para aumentar a produtividade.",üìù Conte√∫do,4,Pago (teste gratuito),EN,"Automatiza√ß√£o de fluxos de trabalho, Integra√ß√£o com m√∫ltiplas plataformas, Gera√ß√£o de resumos e extra√ß√£o de dados, Cria√ß√£o de bots personalizados, Interface intuitiva com comandos simples","Automa√ß√£o, Produtividade",https://www.bardeen.ai/,https://avatars.githubusercontent.com/u/64928485?s=280&v=4
AdCreative,"Plataforma de IA para gera√ß√£o de criativos publicit√°rios otimizados para convers√£o, incluindo banners, v√≠deos e textos.",üìù Conte√∫do,4,Pago (teste gratuito),EN,"Gera√ß√£o de criativos publicit√°rios com IA, An√°lise de desempenho de an√∫ncios, Integra√ß√£o com plataformas de an√∫ncios, Personaliza√ß√£o de conte√∫do para marcas, Sugest√µes de otimiza√ß√£o baseadas em dados","Publicidade, An√∫ncios",https://www.adcreative.ai/?gspk=ZmV5amNidDR0dzgzNTc&gsxid=jNnBiJyEUWaM&pscd=free-trial.adcreative.ai&gad_source=1&gclid=Cj0KCQiA88a5BhDPARIsAFj595jpUjdKJlY1r7D4_SBLsNK1-WwACvL7I2HMyglkiZE97BRu8HzF8GkaAr1kEALw_wcB,https://findmyaitool-rh.s3.ap-southeast-2.amazonaws.com/images/ai-tool/logo/Adcreative.ai-1723792755405
FluentlyAI,"Assistente de escrita com IA que auxilia na cria√ß√£o de conte√∫do fluente e natural, oferecendo sugest√µes e corre√ß√µes em tempo real.",ü§ñ Automa√ß√£o,4,Pago (teste gratuito),EN,"Sugest√µes de reescrita, Corre√ß√£o gramatical, Ajuste de tom e estilo, Expans√£o e condensa√ß√£o de texto, Integra√ß√£o com editores de texto","Escrita, Conte√∫do",https://getfluently.app/,https://framerusercontent.com/images/5TOWtySXFNj8PhxRoqLBYGCK6s.png
Descript,"Plataforma de edi√ß√£o de √°udio e v√≠deo com IA, permitindo transcri√ß√£o, edi√ß√£o e montagem de maneira intuitiva.",ü§ñ Automa√ß√£o,4,Pago (teste gratuito),EN,"Transcri√ß√£o de √°udio e v√≠deo, Edi√ß√£o de texto sincronizada com √°udio, Ferramentas de edi√ß√£o de v√≠deo, Suporte para grava√ß√£o em m√∫ltiplas pistas, Exporta√ß√£o em diversos formatos","Edi√ß√£o, √Åudio, V√≠deo",https://www.descript.com/,https://descript-website.vercel.app/images/descript-logo.svg
Rev AI,"Servi√ßo de transcri√ß√£o de √°udio e v√≠deo com alta precis√£o, ideal para empresas e profissionais.",ü§ñ Automa√ß√£o,3,Pago (teste gratuito),EN,"Transcri√ß√£o autom√°tica de √°udio e v√≠deo, Suporte a m√∫ltiplos idiomas, Identifica√ß√£o de falantes, API para integra√ß√£o, Exporta√ß√£o em v√°rios formatos de arquivo","Transcri√ß√£o, √Åudio, V√≠deo",https://www.rev.ai/,https://www.rev.ai/content/curve/img/revai/logo/logo-black-mobile.svg?v=wtjDEWXNn9Cu-Vki_-j4VS6yJ86McQSlRw59dj7Tiqc
Clipto,ervi√ßo de transcri√ß√£o de √°udio e v√≠deo com IA,ü§ñ Automa√ß√£o,4,Gratuito e Pago,Multil√≠ngue,"Transcri√ß√£o autom√°tica com precis√£o de 99%, Suporte a mais de 99 idiomas, Identifica√ß√£o de falantes, Processamento de arquivos de at√© 6 horas, Exporta√ß√£o em formatos como SRT, VTT e TXT","Transcri√ß√£o, √Åudio, V√≠deo",https://www.clipto.com/pt/free-ai-transcribe-video-audio-to-text-in-second?gad_source=1&gclid=Cj0KCQiA88a5BhDPARIsAFj595gIdlPeSr0Z0NSUemxSfTSjtGwcwtvAccJ0PwjEabkOtU6s-CUvE6MaAus5EALw_wcB,https://www.clipto.com/img/front/header/logo.webp
TextCortex,"Plataforma de IA que auxilia na cria√ß√£o e gest√£o de conte√∫do, integrando dados e automatizando fluxos de trabalho para aprimorar a produtividade.",ü§ñ Automa√ß√£o,4,Pago (teste gratuito),EN,"Transcri√ß√£o autom√°tica com precis√£o de at√© 99%, Suporte a mais de 99 idiomas, Identifica√ß√£o de diferentes falantes, Processamento de arquivos de √°udio e v√≠deo de at√© 6 horas, Exporta√ß√£o em diversos formatos, incluindo SRT, VTT e TXT","Transcri√ß√£o, √Åudio, V√≠deo",https://textcortex.com/pt,https://lh3.googleusercontent.com/iay9HUXcZPRCt7rFEuVM9WBuwG13R5e7oe8_2zws4Js8j-Z0i1xXvuDLGmuE6KpKFCTBQ5YGfAPqQzuQ2SGKv3U2=s128-rj-sc0x00ffffff
Udio,Plataforma de cria√ß√£o musical assistida por IA que permite a qualquer pessoa gerar m√∫sicas originais em diversos estilos a partir de comandos de texto.,ü§ñ Automa√ß√£o,4,Pago (teste gratuito),EN,"Gera√ß√£o de m√∫sicas a partir de descri√ß√µes textuais, Personaliza√ß√£o de g√™nero, estilo e letras, Remixagem de m√∫sicas em diferentes estilos, Colabora√ß√£o com m√∫sicos para aprimoramento da IA, Exporta√ß√£o e compartilhamento de faixas criadas","M√∫sica, Cria√ß√£o Musical, Gera√ß√£o de Conte√∫do",https://www.udio.com/home,https://i.pinimg.com/736x/1c/65/6a/1c656a8d8342d6b9f7510df2c73b6399.jpg
Deepgram,"Plataforma de IA especializada em reconhecimento de voz, oferecendo APIs para transcri√ß√£o de √°udio, convers√£o de texto em fala e compreens√£o de linguagem natural.",ü§ñ Automa√ß√£o,4,Pago (teste gratuito),Multil√≠ngue,"APIs de transcri√ß√£o de √°udio em tempo real e pr√©-gravado, Convers√£o de texto em fala com vozes naturais, Modelos de compreens√£o de linguagem para an√°lise de sentimentos e detec√ß√£o de t√≥picos, Suporte a mais de 30 idiomas, Integra√ß√£o com diversas plataformas e SDKs.","Transcri√ß√£o, Reconhecimento de Voz, APIs",https://deepgram.com/,https://encrypted-tbn0.gstatic.com/images?q=tbn:ANd9GcR_J3lQfLZCSZsrrfBUelLctJCd1rIRcBb3n5vy7LXdDZ0E7_uq5GF_xw8tOPJF8H93m20&usqp=CAU
ElevenLabs,"Plataforma de IA especializada em s√≠ntese de fala realista, oferecendo ferramentas para gera√ß√£o de voz, clonagem vocal e dublagem autom√°tica em diversos idiomas.",ü§ñ Automa√ß√£o,4,Pago (teste gratuito),Multil√≠ngue,"Gera√ß√£o de voz a partir de texto com entona√ß√£o natural, Clonagem de voz com base em amostras de √°udio, Dublagem autom√°tica preservando a emo√ß√£o e caracter√≠sticas do locutor, Suporte a mais de 30 idiomas, Ferramentas para criadores de conte√∫do, incluindo est√∫dio de narra√ß√£o e biblioteca de vozes","S√≠ntese de Fala, Clonagem de Voz, Dublagem",https://elevenlabs.io/,https://play-lh.googleusercontent.com/Im726gXJYWu6Lw0M6BcPNV1BdlO7QVB1wQfMtEnsn1-J4e80WI7AEivVXDrK1ypsm0o=w240-h480-rw
Galileo AI,"Plataforma de design de interfaces assistida por IA que permite a cria√ß√£o r√°pida de designs de UI/UX a partir de descri√ß√µes textuais ou imagens, integrando-se perfeitamente ao Figma para edi√ß√£o e colabora√ß√£o.",üé® Design,4,Pago (teste gratuito),EN,"Gera√ß√£o de designs de interface a partir de prompts de texto, Cria√ß√£o de interfaces baseadas em imagens de refer√™ncia, Integra√ß√£o com o Figma para edi√ß√£o e colabora√ß√£o, Personaliza√ß√£o de cores, formas e fontes, Biblioteca de componentes de UI para diversos dispositivos","Design de Interface, Figma, UI/UX",https://www.usegalileo.ai/explore,https://cdn.prod.website-files.com/64f2fa44b0818c378b17052e/65c4e3dcb13127af927fbd5d_20240208T0220-053c39af-648e-4f80-96d2-e9a2af8325a5.png
Khroma,"Ferramenta de design baseada em IA que auxilia designers na descoberta e cria√ß√£o de paletas de cores personalizadas, aprendendo as prefer√™ncias do usu√°rio para gerar combina√ß√µes harmoniosas.",üé® Design,3,Gratuito,EN,"Gera√ß√£o de paletas de cores personalizadas com base nas prefer√™ncias do usu√°rio, Visualiza√ß√£o de combina√ß√µes de cores em diferentes contextos, como tipografia e gradientes, Pesquisa e filtragem de paletas por matiz, tonalidade e valor, Salvamento de paletas favoritas para refer√™ncia futura, Acesso a c√≥digos hexadecimais e valores RGB das cores selecionadas.","Design, Cores, Paletas",https://www.khroma.co/,https://cdn-1.webcatalog.io/catalog/khroma/khroma-icon-filled-256.webp?v=1714781476902
Uizard,"Plataforma de design assistida por IA que permite a cria√ß√£o r√°pida de interfaces de usu√°rio para aplicativos e websites, transformando descri√ß√µes textuais, esbo√ßos e capturas de tela em designs edit√°veis.",üé® Design,4,Gratuito e Pago,EN,"Gera√ß√£o de designs de UI a partir de prompts de texto, Convers√£o de esbo√ßos desenhados √† m√£o em mockups digitais, Transforma√ß√£o de capturas de tela em designs edit√°veis, Colabora√ß√£o em tempo real com equipes, Biblioteca de templates e componentes de UI.","Design de Interface, Prot√≥tipos, UI/UX",https://uizard.io/,"https://images.crunchbase.com/image/upload/c_pad,h_256,w_256,f_auto,q_auto:eco,dpr_1/uosng4omsipht7cpvbi8"
Visily,"Plataforma de design de interfaces de usu√°rio assistida por IA que permite a cria√ß√£o r√°pida de wireframes e prot√≥tipos de alta fidelidade, acess√≠vel tanto para designers quanto para n√£o-designers.",üé® Design,4,Pago (teste gratuito),EN,"Gera√ß√£o de designs a partir de prompts de texto, Convers√£o de esbo√ßos desenhados √† m√£o em wireframes edit√°veis, Transforma√ß√£o de capturas de tela em mockups personaliz√°veis, Biblioteca com mais de 1.500 templates e componentes de UI, Colabora√ß√£o em tempo real com equipes","Design de Interface, Wireframes, Prot√≥tipos",https://www.velir.com/ideas/2024/10/16/meet-sitecore-stream-a-marketers-new-best-friend?utm_source=google&utm_medium=cpc&utm_campaign=search_partners_sitecore_stream&utm_id=21835534018&gad_source=1&gclid=Cj0KCQiA88a5BhDPARIsAFj595hOmLxFFLs-2WvppLEaCvkJ7uWQUiNL03EO8aTPUTCwE5R64i0ra44aAuRDEALw_wcB,https://encrypted-tbn0.gstatic.com/images?q=tbn:ANd9GcQdNf2gmbxg9SpQZl01n_P7eOh3TT0prKC0ouCwoyD3uEHA9Ox0IY9WtOxdNl8nTXMG0jA&usqp=CAU
VisualEyes,"Plataforma de an√°lise de design assistida por IA que fornece insights sobre a aten√ß√£o do usu√°rio e a clareza visual, permitindo a otimiza√ß√£o de interfaces e materiais de marketing.",üé® Design,4,Gratuito e Pago,EN,"Gera√ß√£o de mapas de calor de aten√ß√£o para simular estudos de eye-tracking, C√°lculo de pontua√ß√µes de clareza visual para avaliar a simplicidade do design, Identifica√ß√£o de √°reas de interesse em designs, Integra√ß√£o com ferramentas de design como Figma, Adobe XD e Sketch, An√°lise r√°pida de designs para otimiza√ß√£o de UX e campanhas de marketing","Design, An√°lise, UX",https://topai.tools/t/visualeyes,https://topai.tools/assets/img/favicon.png
Dzine,"Plataforma de design gr√°fico assistida por IA que oferece ferramentas avan√ßadas para gera√ß√£o e edi√ß√£o de imagens, permitindo controle preciso sobre composi√ß√£o e estilo.",üé® Design,4,Gratuito e Pago,EN,"Gera√ß√£o de imagens a partir de texto com diversos estilos predefinidos, Edi√ß√£o de imagens com ferramentas de camadas, posicionamento e esbo√ßo, Preenchimento generativo para adicionar ou remover objetos, Ferramenta de aprimoramento para melhorar a clareza e corrigir artefatos, Exporta√ß√£o de imagens em alta resolu√ß√£o at√© 6144x6144 pixels","Design Gr√°fico, Edi√ß√£o de Imagens, Gera√ß√£o de Imagens",https://www.dzine.ai/?via=quocbao&gad_source=1&gclid=Cj0KCQiA88a5BhDPARIsAFj595i1LCEZVacYq2III6q3hJuLKdPvCscMcIVvA0uiD1jf5kaMInnLQiMaAkQ-EALw_wcB,https://miro.medium.com/v2/resize:fit:850/1*VgXJsbY74hrGd7umkTgn8Q.jpeg
Phygital+,"Plataforma de IA que oferece um espa√ßo de trabalho integrado para arte, design e startups de tecnologia, permitindo a cria√ß√£o de conte√∫do de alta qualidade sem a necessidade de c√≥digo ou hardware especializado.",üé® Design,3,Gratuito e Pago,EN,"Acesso a mais de 50 modelos e ferramentas de IA, incluindo MidJourney, DALL-E 3 e ChatGPT, Interface baseada em n√≥s para colabora√ß√£o criativa, Treinamento de modelos personalizados com DreamBooth e Stable Diffusion, Gera√ß√£o de imagens, transforma√ß√£o e aprimoramento de conte√∫do, Biblioteca de prompts e modelos para inspira√ß√£o","Design, Arte, Web3",https://phygital.plus/,https://assets.softr-files.com/applications/fbfc865c-2f96-4d3b-af6c-8d2a9ee541a2/assets/bdef87d8-a25c-4a03-b46a-4080cc305bbf.png
Pictory,Gera√ß√£o de v√≠deos automatizados a partir de texto ou scripts,üé• V√≠deo,4,Pago (teste gratuito),EN,"Transforma√ß√£o de texto em v√≠deo, Edi√ß√£o de v√≠deos com IA, Banco de imagens e v√≠deos, Legendas autom√°ticas, Personaliza√ß√£o de conte√∫do","V√≠deo, Automa√ß√£o, Edi√ß√£o",https://pictory.ai/home2a?el=2000&htrafficsource=pictoryblog,https://pictory.ai/wp-content/uploads/2022/08/logo-new-font-TM.png
HeyGen,Cria√ß√£o de avatares de v√≠deo com narra√ß√£o realista em m√∫ltiplos idiomas,üé• V√≠deo,4,Pago (teste gratuito),EN,"Avatares de v√≠deo realistas, Narra√ß√£o em m√∫ltiplos idiomas, Personaliza√ß√£o de express√µes, Convers√£o de texto em fala, Modelos para neg√≥cios","Avatares, V√≠deo, Narra√ß√£o",https://www.heygen.com/,https://cdn.prod.website-files.com/66a9edf7bd0139f5207e19be/66e1a30a9a12f4c1d2bb3e9f_heygen-logotype.svg
Nullface.AI,Gera√ß√£o de imagem de rostos realistas,üé• V√≠deo,4,Gratuito e Pago,EN,"Gera√ß√£o de rostos realistas, Personaliza√ß√£o de caracter√≠sticas, Variedade de etnias e idades, Exporta√ß√£o de imagens, Aplica√ß√£o em designs e marketing","Imagens Realistas, Design",https://nullface.ai/,https://nullface.ai/images/logo.png
Invidio AI,Ferramenta para cria√ß√£o de v√≠deos,üé• V√≠deo,4,Pago (teste gratuito),EN,"Automa√ß√£o de cria√ß√£o de v√≠deo, Gera√ß√£o de conte√∫do visual, Modelos de v√≠deo pr√©-definidos, Edi√ß√£o inteligente, An√°lise de engajamento","V√≠deo, Automa√ß√£o, Cria√ß√£o Visual",https://invideo.io/?irclickid=xzNyGmREyxyKUItTHmxFKzOqUkCTFGQoozUYX80&mpid=5806561&irgwc=1&gad_source=1&gclid=Cj0KCQiA88a5BhDPARIsAFj595idkMtI6_gful8CWK1OWMN7SXGaOLqaV2WJRzihhZ0zr22xGv4tvCkaAqsNEALw_wcB,https://web-assets.invideo.io/common/prod/logos/invideo-ai-light.svg
Synthesia,Cria√ß√£o de v√≠deos com avatares e narra√ß√£o,üé• V√≠deo,4,Pago,Multil√≠ngue,"Avatares personaliz√°veis, Narra√ß√£o multilingue, Convers√£o de texto em v√≠deo, Modelos para empresas, Facilidade de edi√ß√£o","Avatares, V√≠deo, Multilingue",https://www.synthesia.io/,https://cdn.prod.website-files.com/65e89895c5a4b8d764c0d710/65eae689ace95f5017dc17a0_Logo-main.svg
Looka,"Plataforma de cria√ß√£o de logotipos e identidade de marca com IA, ideal para usu√°rios sem experi√™ncia em design.",üé® Design,4,Pago,EN,"Cria√ß√£o de logotipos personalizados, Kit de Marca completo, Modelos de m√≠dia social alinhados ao logotipo, Personaliza√ß√£o de cores e fontes, Gera√ß√£o r√°pida de identidade visual","Design, Logotipo",https://looka.com/?gad_source=1&gclid=Cj0KCQiA88a5BhDPARIsAFj595jh_ax13R4oAW0Uysjo6XSiETwa8Erk9xtwXbhP5lC9JYb0PXLTL98aAmPQEALw_wcB,https://looka.com/wp-content/themes/looka/images/logos/looka_logo_black.svg
Designs AI,"Plataforma que oferece diversas ferramentas de IA generativa para gerar imagens, v√≠deos, conte√∫do, voz e muito mais.",üé® Design,4,Pago (teste gratuito),EN,"Desenho com IA para transformar esbo√ßos em visuais cativantes, Trocador de Rostos com IA para adicionar efeitos din√¢micos de troca de rostos, Redator de IA para aumentar seu marketing e conte√∫do de SEO, Gerador de V√≠deos com IA para v√≠deos r√°pidos de campanhas multiplataforma, Criador de Logotipo para logotipos gerados por IA e kits de marca, Transforma texto em vozes com som natural, Correspond√™ncia de Cores, Criador de Gr√°ficos, Pareamento de Fontes, Calend√°rio de M√≠dias Sociais para planejamento de m√≠dias sociais","Design, Marketing",https://designs.ai/,https://assets.designs.ai/images/dsai-logo/default.webp
Piktochart AI,"Ferramenta de cria√ß√£o de infogr√°ficos e conte√∫dos visuais com IA, transformando ideias em designs profissionais rapidamente.",üé® Design,4,Pago (teste gratuito),Multil√≠ngue,"Gera√ß√£o autom√°tica de infogr√°ficos, Modelos personaliz√°veis, Transforma√ß√£o de texto em design, Integra√ß√£o com conte√∫do visual, Ferramentas de personaliza√ß√£o de layout","Infogr√°ficos, Visualiza√ß√£o",https://piktochart.com/,https://upload.wikimedia.org/wikipedia/commons/0/07/Piktochart_logo.jpg
Civitai,"Plataforma de c√≥digo aberto dedicada ao compartilhamento e avalia√ß√£o de modelos de IA generativa, incluindo modelos de Stable Diffusion, invers√µes textuais, gradientes est√©ticos e hypernetworks.",üé® Design,2,Gratuito,EN,"Hospedagem e compartilhamento de modelos de IA, Gera√ß√£o de imagens no site, Treinamento de LoRA, Hospedagem de imagens e v√≠deos, Artigos e recursos educacionais.","Modelos de IA, Comunidade.",https://civitai.com/,https://cdn-1.webcatalog.io/catalog/civitai/civitai-icon-filled-256.png?v=1714779870591
Runway,Plataforma de IA generativa para cria√ß√£o e edi√ß√£o de conte√∫do multim√≠dia,üé• V√≠deo,3,Gratuito e Pago,EN,"Gera√ß√£o de v√≠deos a partir de texto e imagens, Ferramentas de edi√ß√£o de v√≠deo e foto, Cria√ß√£o de texturas 3D, Rastreamento de movimento, Substitui√ß√£o de fundo","Edi√ß√£o de V√≠deo, Cria√ß√£o de Conte√∫do",https://runwayml.com/,https://www.fahimai.com/wp-content/uploads/2024/06/Untitled-800-x-800-px-1.png
Kling AI,Plataforma de intelig√™ncia artificial generativa especializada na cria√ß√£o de v√≠deos realistas a partir de comandos de texto ou imagens,üé• V√≠deo,4,Gratuito e Pago,Multil√≠ngue,"Gera√ß√£o de v√≠deos de alta qualidade em resolu√ß√£o 1080p, Suporte a v√≠deos de at√© dois minutos de dura√ß√£o, Modelagem precisa de movimentos complexos e intera√ß√µes, Op√ß√£o de criar v√≠deos a partir de texto ou imagens, Flexibilidade na propor√ß√£o de aspecto dos v√≠deos gerados.","Cria√ß√£o de V√≠deo, Multim√≠dia.",https://klingai.com/,https://encrypted-tbn0.gstatic.com/images?q=tbn:ANd9GcRfxiFAkwQLKBUq88VEYONKGs8FKST-e4R9Tw&s
Opus Clip,Ferramenta de IA que transforma v√≠deos longos em clipes curtos e virais para redes sociais,üé• V√≠deo,4,Gratuito e Pago,Multil√≠ngue,"Gera√ß√£o autom√°tica de clipes curtos, Adi√ß√£o de legendas animadas, Gera√ß√£o de t√≠tulos de v√≠deo em diferentes estilos, Integra√ß√£o com plataformas de m√≠dia social, An√°lise de pontua√ß√£o de viralidade.","V√≠deo, Clipes Curtos, Redes Sociais, Marketing",https://www.opus.pro/,https://iaacademy.club/wp-content/uploads/2023/10/pXxCdS5q_400x400.jpg
ClipAnything,"Ferramenta de IA multimodal que permite clipes de qualquer momento de qualquer v√≠deo usando pistas visuais, de √°udio e de sentimento.",üé• V√≠deo,4,Gratuito e Pago,EN,"An√°lise avan√ßada de v√≠deo, Clipping de v√≠deo personaliz√°vel, Reframe Anything para reformata√ß√£o de v√≠deos, Gera√ß√£o de clipes prontos para redes sociais, Suporte a diversos tipos de v√≠deo.","V√≠deo, Clipping, Redes Sociais, Marketing",https://www.choppity.com/features/clip-anything,https://media.licdn.com/dms/image/v2/D4E0BAQHzu2wTt7Sntg/company-logo_200_200/company-logo_200_200/0/1694865743372/choppity_logo?e=2147483647&v=beta&t=zTyYk5xl2CVZcvoMtlaAh7CxEOH0hjAyKMNwvyeCMh0
ComfyUI,"Interface gr√°fica modular para modelos de difus√£o, permitindo a cria√ß√£o de fluxos de trabalho complexos de Stable Diffusion atrav√©s de uma interface baseada em n√≥s",üé® Design,2,Gratuito,EN,"Interface de n√≥s/fluxograma para experimenta√ß√£o e cria√ß√£o de fluxos de trabalho complexos de Stable Diffusion sem necessidade de codifica√ß√£o, Suporte completo a SD1.x, SD2.x, SDXL, Stable Video Diffusion, Stable Cascade, SD3 e Stable Audio, Gerenciamento inteligente de mem√≥ria, permitindo execu√ß√£o em GPUs com apenas 1GB de VRAM, Carregamento de modelos/checkpoints nos formatos ckpt, safetensors e diffusers, Suporte a Embeddings/Textual Inversion, Loras (regular, locon e loha) e Hypernetworks","Interface Gr√°fica, Modelos de Difus√£o",https://www.comfy.org/,https://framerusercontent.com/images/7Nhoxwn9eWYrqKjEewfXutR90U.png?scale-down-to=1024
Recraft AI,"Plataforma de design com IA para cria√ß√£o e edi√ß√£o de gr√°ficos digitais, incluindo vetores, ilustra√ß√µes e gr√°ficos 3D.",üé® Design,3,Gratuito e Pago,"EN, PT","Gera√ß√£o de imagens a partir de texto, Editor de vetores, Ferramentas de edi√ß√£o de imagens, Canvas infinito para colabora√ß√£o, Integra√ß√£o com IA avan√ßada para precis√£o de design","Design, Imagens, Edi√ß√£o",https://www.recraft.ai/,https://play-lh.googleusercontent.com/FRzBTtZ8hApfBsi6yy2uMSzQcD9gslph0SUmGCX4w29DoELdf8zbNHX1BNb9-lno78E
Clarice.ai,"Assistente de escrita em portugu√™s que utiliza intelig√™ncia artificial para revisar e aprimorar textos, oferecendo corre√ß√µes gramaticais, sugest√µes de estilo e ferramentas de reescrita",üìù Conte√∫do,,Gratuito e Pago,Multil√≠ngue,"Corre√ß√£o ortogr√°fica e gramatical, Sugest√µes de estilo e clareza, Ferramenta de reescrita de textos, Detec√ß√£o de pl√°gio, Integra√ß√£o com Google Docs","Escrita, Revis√£o, Portugu√™s",https://clarice.ai/,https://media.licdn.com/dms/image/v2/C560BAQHEkBOwlMdkfQ/company-logo_200_200/company-logo_200_200/0/1630651474425/clarice_ai_logo?e=2147483647&v=beta&t=PzVZR3wqAeW5mujs3LrnUp11h_5XeUI3LdROG0vbajE
NotebookLM ,"Assistente de pesquisa e escrita com IA desenvolvido pelo Google, projetado para ajudar na compreens√£o e explora√ß√£o de materiais complexos, permitindo a organiza√ß√£o de informa√ß√µes e gera√ß√£o de insights a partir de documentos pessoais.",üìö Educa√ß√£o,4,Gratuito,"EN, PT","Resumo autom√°tico de documentos, Gera√ß√£o de guias de estudo e FAQs, Suporte a m√∫ltiplos formatos de arquivo, incluindo PDFs, Google Docs e URLs, Capacidade de responder a perguntas espec√≠ficas baseadas nos documentos fornecidos, Integra√ß√£o com o modelo de IA Gemini 1.5 Pro para an√°lise multimodal.","Pesquisa, Escrita, Educa√ß√£o",https://notebooklm.google/,https://notebooklm.google/_/static/v4/notebook-icon.svg